country,percentile,year,avg_posttax,avg_pretax,share_posttax,share_pretax,p_low,p_high
MX,p0p1,2023,16355.7,1.8,.0005,0,0,.01
MX,p10p11,2023,18125.6,34.6,.0006,0,.1,.11
MX,p11p12,2023,19321.3,36.5,.0006,0,.11,.12
MX,p12p13,2023,21213.4,38.3,.0007,0,.12,.13
MX,p13p14,2023,23234.8,344.5,.0008,0,.13,.14
MX,p14p15,2023,28814.3,5987.8,.0009,.0002,.14,.15
MX,p15p16,2023,34856.8,12276.3,.0011,.0004,.15,.16
MX,p16p17,2023,37948.2,17735.5,.0012,.0006,.16,.17
MX,p17p18,2023,40292.2,22279.7,.0013,.0007,.17,.18
MX,p18p19,2023,43152.2,26431.9,.0014,.0009,.18,.19
MX,p19p20,2023,46380.3,30338.1,.0015,.001,.19,.2
MX,p1p2,2023,16627.3,5.5,.0005,0,.01,.02
MX,p20p21,2023,49289.4,34315.4,.0016,.0011,.2,.21
MX,p21p22,2023,51684.5,37587.3,.0017,.0012,.21,.22
MX,p22p23,2023,54283.8,41198.2,.0018,.0013,.22,.23
MX,p23p24,2023,56259.7,43671.7,.0018,.0014,.23,.24
MX,p24p25,2023,58786,46741.2,.0019,.0015,.24,.25
MX,p25p26,2023,61432.7,49502.7,.002,.0016,.25,.26
MX,p26p27,2023,63434.10000000001,51784.8,.0021,.0017,.26,.27
MX,p27p28,2023,65818.3,54819.7,.0022,.0018,.27,.28
MX,p28p29,2023,68454,57796.3,.0022,.0019,.28,.29
MX,p29p30,2023,71483.40000000001,60464.8,.0023,.002,.29,.3
MX,p2p3,2023,16682,7.300000000000001,.0005,0,.02,.03
MX,p30p31,2023,73869.40000000001,63350.2,.0024,.0021,.3,.31
MX,p31p32,2023,75921.90000000001,65973.2,.0025,.0022,.31,.32
MX,p32p33,2023,78996.90000000001,69161.2,.0026,.0023,.32,.33
MX,p33p34,2023,80985.5,71479.8,.0026,.0023,.33,.34
MX,p34p35,2023,83096.3,73789.2,.0027,.0024,.34,.35
MX,p35p36,2023,85274.5,75931,.0028,.0025,.35,.36
MX,p36p37,2023,87735.20000000001,78448.2,.0029,.0026,.36,.37
MX,p37p38,2023,90234.20000000001,81065.70000000001,.003,.0027,.37,.38
MX,p38p39,2023,92330.40000000001,83187.40000000001,.003,.0027,.38,.39
MX,p39p40,2023,94669,85527.8,.0031,.0028,.39,.4
MX,p3p4,2023,16716.6,10.9,.0005,0,.03,.04
MX,p40p41,2023,97940.90000000001,88458.8,.0032,.0029,.4,.41
MX,p41p42,2023,101099.7,91851,.0033,.003,.41,.42
MX,p42p43,2023,103790.1,94873.20000000001,.0034,.0031,.42,.43
MX,p43p44,2023,106540.7,98017.40000000001,.0035,.0032,.43,.44
MX,p44p45,2023,107616.1,99380.90000000001,.0035,.0032,.44,.45
MX,p45p46,2023,109353.2,101373.1,.0036,.0033,.45,.46
MX,p46p47,2023,112071,104085.4,.0037,.0034,.46,.47
MX,p47p48,2023,114604.6,107000,.0037,.0035,.47,.48
MX,p48p49,2023,118080.6,110871.6,.0039,.0036,.48,.49
MX,p49p50,2023,121545.7,114562.7,.004,.0037,.49,.5
MX,p4p5,2023,16771.3,14.6,.0005,0,.04,.05
MX,p50p51,2023,124392.9,117934.8,.0041,.0039,.5,.51
MX,p51p52,2023,127595.5,121638.7,.0042,.004,.51,.52
MX,p52p53,2023,130794.4,124589.7,.0043,.0041,.52,.53
MX,p53p54,2023,133211.4,127477,.0044,.0042,.53,.54
MX,p54p55,2023,136674.7,130799.9,.0045,.0043,.54,.55
MX,p55p56,2023,139501.8,134095.4,.0046,.0044,.55,.5600000000000001
MX,p56p57,2023,143562.9,138723.5,.0047,.0045,.5600000000000001,.57
MX,p57p58,2023,147089.9,142239.6,.0048,.0047,.57,.58
MX,p58p59,2023,150788.3,145981.7,.0049,.0048,.58,.59
MX,p59p60,2023,154988,150374.6,.0051,.0049,.59,.6
MX,p5p6,2023,16822.3,18.2,.0006,0,.05,.06
MX,p60p61,2023,158296.3,153921.7,.0052,.005,.6,.61
MX,p61p62,2023,162138.7,157891.7,.0053,.0052,.61,.62
MX,p62p63,2023,166905.2,163020.9,.0055,.0053,.62,.63
MX,p63p64,2023,170780.4,167494,.0056,.0055,.63,.64
MX,p64p65,2023,174934.5,172205.8,.0057,.0056,.64,.65
MX,p65p66,2023,179668.3,177411.7,.0059,.0058,.65,.66
MX,p66p67,2023,184839.4,183268.2,.006,.006,.66,.67
MX,p67p68,2023,190552,189613.3,.0062,.0062,.67,.68
MX,p68p69,2023,196614.5,196476,.0064,.0064,.68,.6899999999999999
MX,p69p70,2023,202739,203599.3,.0066,.0067,.6899999999999999,.7
MX,p6p7,2023,16900.7,20.1,.0006,0,.06,.07
MX,p70p71,2023,210077.5,212146.3,.0069,.0069,.7,.71
MX,p71p72,2023,217614.6,221655.7,.0071,.0072,.71,.72
MX,p72p73,2023,225177.3,231602.5,.0074,.0076,.72,.73
MX,p73p74,2023,235665.5,242717.7,.0077,.0079,.73,.74
MX,p74p75,2023,245986,254392.6,.008,.0083,.74,.75
MX,p75p76,2023,255526.3,265343.7,.0084,.0087,.75,.76
MX,p76p77,2023,266781.9,277871.6,.0087,.0091,.76,.77
MX,p77p78,2023,277609.1,289736,.0091,.0095,.77,.78
MX,p78p79,2023,289734.2,303428.6,.0095,.0099,.78,.79
MX,p79p80,2023,303040.4,318854.7,.0099,.0104,.79,.8
MX,p7p8,2023,16968.1,23.7,.0006,0,.07,.08
MX,p80p81,2023,316437.7,333285.5,.0103,.0109,.8,.8100000000000001
MX,p81p82,2023,333458.7,349801.6,.0109,.0114,.8100000000000001,.82
MX,p82p83,2023,351092.1,367697.5,.0115,.012,.82,.83
MX,p83p84,2023,372600.8,389204.3,.0122,.0127,.83,.84
MX,p84p85,2023,397401.3,416432.8,.013,.0136,.84,.85
MX,p85p86,2023,427385.8,448229.2,.014,.0147,.85,.86
MX,p86p87,2023,454074.8,479373,.0148,.0157,.86,.87
MX,p87p88,2023,484155.9,512738.7,.0158,.0168,.87,.88
MX,p88p89,2023,518970.7,553262.4,.017,.0181,.88,.89
MX,p89p90,2023,565150.5,599837.8,.0185,.0196,.89,.9
MX,p8p9,2023,17070.2,27.3,.0006,0,.08,.09
MX,p90p91,2023,624281,641856.2000000001,.0204,.021,.9,.91
MX,p91p92,2023,677354.5,683876.4,.0221,.0224,.91,.92
MX,p92p93,2023,726961.1000000001,725893,.0238,.0237,.92,.93
MX,p93p94,2023,790382.4,767914.1000000001,.0258,.0251,.93,.9399999999999999
MX,p94p95,2023,890301.9,809931.6000000001,.0291,.0265,.9399999999999999,.95
MX,p95p96,2023,1161048.4,1014228.2,.038,.0332,.95,.96
MX,p96p97,2023,1605026.8,1425173.6,.0525,.0466,.96,.97
MX,p97p98,2023,1735530.5,1676818.3,.0568,.0548,.97,.98
MX,p98p99,2023,2594615.3,2496208.3,.0848,.0816,.98,.99
MX,p99.1p99.2,2023,4176586.4,4318447.8,.0137,.0141,.991,.992
MX,p99.2p99.3,2023,4568148.5,4593876.9,.0149,.015,.992,.993
MX,p99.3p99.4,2023,5063622,4740340.7,.0166,.0155,.993,.9940000000000001
MX,p99.4p99.5,2023,5552802.300000001,4789787.8,.0182,.0157,.9940000000000001,.995
MX,p99.5p99.6,2023,6037617.100000001,4795274.3,.0197,.0157,.995,.996
MX,p99.6p99.7,2023,6595809.7,4795342.7,.0216,.0157,.996,.997
MX,p99.7p99.8,2023,6963780.600000001,4796737.100000001,.0228,.0157,.997,.998
MX,p99.8p99.9,2023,7821430.9,6334021.7,.0256,.0207,.998,.9990000000000001
MX,p99.9p100,2023,17859691.9,35140131.6,.0584,.1149,.9990000000000001,1
MX,p99p99.1,2023,3691156.4,3903467.7,.0121,.0128,.99,.991
MX,p9p10,2023,17432.9,29.2,.0006,0,.09,.1
